<?xml version="1.0" encoding="UTF-8"?>
<GenRun Id="synth_1" LaunchPart="xc7s75fgga484-1" LaunchTime="1765275216" LaunchIncrCheckpoint="$PSRCDIR/utils_1/imports/synth_1/FPGA_Simulator_Top.dcp">
  <File Type="REPORTS-TCL" Name="FPGA_Simulator_Top_reports.tcl"/>
  <File Type="RDS-UTIL" Name="FPGA_Simulator_Top_utilization_synth.rpt"/>
  <File Type="RDS-UTIL-PB" Name="FPGA_Simulator_Top_utilization_synth.pb"/>
  <File Type="PA-TCL" Name="FPGA_Simulator_Top.tcl"/>
  <File Type="RDS-RDS" Name="FPGA_Simulator_Top.vds"/>
  <File Type="RDS-DCP" Name="FPGA_Simulator_Top.dcp"/>
  <FileSet Name="sources" Type="DesignSrcs" RelSrcDir="$PSRCDIR/sources_1" RelGenDir="$PGENDIR/sources_1">
    <Filter Type="Srcs"/>
    <File Path="$PSRCDIR/sources_1/imports/new/EndDevice.v">
      <FileInfo>
        <Attr Name="ImportPath" Val="$PPRDIR/../L2Switch/L2Switch.srcs/sources_1/new/EndDevice.v"/>
        <Attr Name="ImportTime" Val="1764646949"/>
        <Attr Name="UsedIn" Val="synthesis"/>
        <Attr Name="UsedIn" Val="implementation"/>
        <Attr Name="UsedIn" Val="simulation"/>
      </FileInfo>
    </File>
    <File Path="$PSRCDIR/sources_1/imports/new/KeyPad.v">
      <FileInfo>
        <Attr Name="ImportPath" Val="$PPRDIR/../L2Switch/L2Switch.srcs/sources_1/new/KeyPad.v"/>
        <Attr Name="ImportTime" Val="1764735545"/>
        <Attr Name="UsedIn" Val="synthesis"/>
        <Attr Name="UsedIn" Val="implementation"/>
        <Attr Name="UsedIn" Val="simulation"/>
      </FileInfo>
    </File>
    <File Path="$PSRCDIR/sources_1/imports/new/TEXT_LCD.v">
      <FileInfo>
        <Attr Name="ImportPath" Val="$PPRDIR/../L2Switch/L2Switch.srcs/sources_1/new/TEXT_LCD.v"/>
        <Attr Name="ImportTime" Val="1764646925"/>
        <Attr Name="UsedIn" Val="synthesis"/>
        <Attr Name="UsedIn" Val="implementation"/>
        <Attr Name="UsedIn" Val="simulation"/>
      </FileInfo>
    </File>
    <File Path="$PSRCDIR/sources_1/imports/new/L2_Switch.v">
      <FileInfo SFType="SVerilog">
        <Attr Name="ImportPath" Val="$PPRDIR/../L2Switch/L2Switch.srcs/sources_1/new/L2_Switch.v"/>
        <Attr Name="ImportTime" Val="1764735798"/>
        <Attr Name="UsedIn" Val="synthesis"/>
        <Attr Name="UsedIn" Val="implementation"/>
        <Attr Name="UsedIn" Val="simulation"/>
      </FileInfo>
    </File>
    <File Path="$PSRCDIR/sources_1/imports/new/FPGA_Top.v">
      <FileInfo>
        <Attr Name="ImportPath" Val="$PPRDIR/../L2Switch/L2Switch.srcs/sources_1/new/FPGA_Top.v"/>
        <Attr Name="ImportTime" Val="1764646916"/>
        <Attr Name="UsedIn" Val="synthesis"/>
        <Attr Name="UsedIn" Val="implementation"/>
        <Attr Name="UsedIn" Val="simulation"/>
      </FileInfo>
    </File>
    <Config>
      <Option Name="DesignMode" Val="RTL"/>
      <Option Name="TopModule" Val="FPGA_Simulator_Top"/>
      <Option Name="TopAutoSet" Val="TRUE"/>
    </Config>
  </FileSet>
  <FileSet Name="constrs_in" Type="Constrs" RelSrcDir="$PSRCDIR/constrs_1" RelGenDir="$PGENDIR/constrs_1">
    <Filter Type="Constrs"/>
    <File Path="$PSRCDIR/constrs_1/imports/new/all.xdc">
      <FileInfo>
        <Attr Name="ImportPath" Val="$PPRDIR/../L2Switch/L2Switch.srcs/constrs_1/new/all.xdc"/>
        <Attr Name="ImportTime" Val="1764635635"/>
        <Attr Name="UsedIn" Val="synthesis"/>
        <Attr Name="UsedIn" Val="implementation"/>
      </FileInfo>
    </File>
    <Config>
      <Option Name="TargetConstrsFile" Val="$PSRCDIR/constrs_1/imports/new/all.xdc"/>
      <Option Name="ConstrsType" Val="XDC"/>
    </Config>
  </FileSet>
  <FileSet Name="utils" Type="Utils" RelSrcDir="$PSRCDIR/utils_1" RelGenDir="$PGENDIR/utils_1">
    <Filter Type="Utils"/>
    <File Path="$PSRCDIR/utils_1/imports/synth_1/FPGA_Simulator_Top.dcp">
      <FileInfo>
        <Attr Name="UsedIn" Val="synthesis"/>
        <Attr Name="UsedIn" Val="implementation"/>
        <Attr Name="UsedInSteps" Val="synth_1"/>
        <Attr Name="AutoDcp" Val="1"/>
      </FileInfo>
    </File>
    <Config>
      <Option Name="TopAutoSet" Val="TRUE"/>
    </Config>
  </FileSet>
  <Strategy Version="1" Minor="2">
    <StratHandle Name="Vivado Synthesis Defaults" Flow="Vivado Synthesis 2025"/>
    <Step Id="synth_design">
      <Option Id="FlattenHierarchy">1</Option>
    </Step>
  </Strategy>
</GenRun>
