<?xml version="1.0" encoding="UTF-8"?>
<GenRun Id="impl_1" LaunchPart="xc7s75fgga484-1" LaunchTime="1765275928">
  <File Type="PA-TCL" Name="FPGA_Simulator_Top.tcl"/>
  <File Type="REPORTS-TCL" Name="FPGA_Simulator_Top_reports.tcl"/>
  <File Type="INIT-TIMING" Name="FPGA_Simulator_Top_timing_summary_init.rpt"/>
  <File Type="OPT-DCP" Name="FPGA_Simulator_Top_opt.dcp"/>
  <File Type="OPT-DRC" Name="FPGA_Simulator_Top_drc_opted.rpt"/>
  <File Type="OPT-UTIL" Name="FPGA_Simulator_Top_utilization_opted.rpt"/>
  <File Type="OPT-UTIL-PB" Name="FPGA_Simulator_Top_utilization_opted.pb"/>
  <File Type="OPT-METHODOLOGY-DRC" Name="FPGA_Simulator_Top_methodology_drc_opted.rpt"/>
  <File Type="OPT-HWDEF" Name="FPGA_Simulator_Top.hwdef"/>
  <File Type="OPT-TIMING" Name="FPGA_Simulator_Top_timing_summary_opted.rpt"/>
  <File Type="OPT-RQA-PB" Name="FPGA_Simulator_Top_rqa_opted.pb"/>
  <File Type="PWROPT-DCP" Name="FPGA_Simulator_Top_pwropt.dcp"/>
  <File Type="PWROPT-DRC" Name="FPGA_Simulator_Top_drc_pwropted.rpt"/>
  <File Type="PWROPT-TIMING" Name="FPGA_Simulator_Top_timing_summary_pwropted.rpt"/>
  <File Type="PLACE-DCP" Name="FPGA_Simulator_Top_placed.dcp"/>
  <File Type="PLACE-IO" Name="FPGA_Simulator_Top_io_placed.rpt"/>
  <File Type="PLACE-CLK" Name="FPGA_Simulator_Top_clock_utilization_placed.rpt"/>
  <File Type="PLACE-UTIL" Name="FPGA_Simulator_Top_utilization_placed.rpt"/>
  <File Type="PLACE-UTIL-PB" Name="FPGA_Simulator_Top_utilization_placed.pb"/>
  <File Type="PLACE-CTRL" Name="FPGA_Simulator_Top_control_sets_placed.rpt"/>
  <File Type="PLACE-SIMILARITY" Name="FPGA_Simulator_Top_incremental_reuse_placed.rpt"/>
  <File Type="PLACE-PRE-SIMILARITY" Name="FPGA_Simulator_Top_incremental_reuse_pre_placed.rpt"/>
  <File Type="PLACE-TIMING" Name="FPGA_Simulator_Top_timing_summary_placed.rpt"/>
  <File Type="PLACE-RQA-PB" Name="FPGA_Simulator_Top_rqa_placed.pb"/>
  <File Type="POSTPLACE-PWROPT-DCP" Name="FPGA_Simulator_Top_postplace_pwropt.dcp"/>
  <File Type="POSTPLACE-PWROPT-TIMING" Name="FPGA_Simulator_Top_timing_summary_postplace_pwropted.rpt"/>
  <File Type="PHYSOPT-DCP" Name="FPGA_Simulator_Top_physopt.dcp"/>
  <File Type="PHYSOPT-DRC" Name="FPGA_Simulator_Top_drc_physopted.rpt"/>
  <File Type="PHYSOPT-TIMING" Name="FPGA_Simulator_Top_timing_summary_physopted.rpt"/>
  <File Type="ROUTE-ERROR-DCP" Name="FPGA_Simulator_Top_routed_error.dcp"/>
  <File Type="ROUTE-DCP" Name="FPGA_Simulator_Top_routed.dcp"/>
  <File Type="ROUTE-BLACKBOX-DCP" Name="FPGA_Simulator_Top_routed_bb.dcp"/>
  <File Type="ROUTE-UTIL" Name="FPGA_Simulator_Top_utilization_routed.rpt"/>
  <File Type="ROUTE-UTIL-PB" Name="FPGA_Simulator_Top_utilization_routed.pb"/>
  <File Type="ROUTE-DRC" Name="FPGA_Simulator_Top_drc_routed.rpt"/>
  <File Type="ROUTE-DRC-PB" Name="FPGA_Simulator_Top_drc_routed.pb"/>
  <File Type="ROUTE-DRC-RPX" Name="FPGA_Simulator_Top_drc_routed.rpx"/>
  <File Type="ROUTE-METHODOLOGY-DRC" Name="FPGA_Simulator_Top_methodology_drc_routed.rpt"/>
  <File Type="ROUTE-METHODOLOGY-DRC-RPX" Name="FPGA_Simulator_Top_methodology_drc_routed.rpx"/>
  <File Type="ROUTE-METHODOLOGY-DRC-PB" Name="FPGA_Simulator_Top_methodology_drc_routed.pb"/>
  <File Type="ROUTE-PWR" Name="FPGA_Simulator_Top_power_routed.rpt"/>
  <File Type="ROUTE-PWR-SUM" Name="FPGA_Simulator_Top_power_summary_routed.pb"/>
  <File Type="ROUTE-PWR-RPX" Name="FPGA_Simulator_Top_power_routed.rpx"/>
  <File Type="ROUTE-STATUS" Name="FPGA_Simulator_Top_route_status.rpt"/>
  <File Type="ROUTE-STATUS-PB" Name="FPGA_Simulator_Top_route_status.pb"/>
  <File Type="ROUTE-TIMINGSUMMARY" Name="FPGA_Simulator_Top_timing_summary_routed.rpt"/>
  <File Type="ROUTE-TIMING-PB" Name="FPGA_Simulator_Top_timing_summary_routed.pb"/>
  <File Type="ROUTE-TIMING-RPX" Name="FPGA_Simulator_Top_timing_summary_routed.rpx"/>
  <File Type="ROUTE-SIMILARITY" Name="FPGA_Simulator_Top_incremental_reuse_routed.rpt"/>
  <File Type="ROUTE-CLK" Name="FPGA_Simulator_Top_clock_utilization_routed.rpt"/>
  <File Type="ROUTE-BUS-SKEW" Name="FPGA_Simulator_Top_bus_skew_routed.rpt"/>
  <File Type="ROUTE-BUS-SKEW-PB" Name="FPGA_Simulator_Top_bus_skew_routed.pb"/>
  <File Type="ROUTE-BUS-SKEW-RPX" Name="FPGA_Simulator_Top_bus_skew_routed.rpx"/>
  <File Type="ROUTE-RQS-PB" Name="FPGA_Simulator_Top_rqs_routed.pb"/>
  <File Type="POSTROUTE-PHYSOPT-DCP" Name="FPGA_Simulator_Top_postroute_physopt.dcp"/>
  <File Type="POSTROUTE-PHYSOPT-BLACKBOX-DCP" Name="FPGA_Simulator_Top_postroute_physopt_bb.dcp"/>
  <File Type="POSTROUTE-PHYSOPT-TIMING" Name="FPGA_Simulator_Top_timing_summary_postroute_physopted.rpt"/>
  <File Type="POSTROUTE-PHYSOPT-TIMING-PB" Name="FPGA_Simulator_Top_timing_summary_postroute_physopted.pb"/>
  <File Type="POSTROUTE-PHYSOPT-TIMING-RPX" Name="FPGA_Simulator_Top_timing_summary_postroute_physopted.rpx"/>
  <File Type="POSTROUTE-PHYSOPT-BUS-SKEW" Name="FPGA_Simulator_Top_bus_skew_postroute_physopted.rpt"/>
  <File Type="POSTROUTE-PHYSOPT-BUS-SKEW-PB" Name="FPGA_Simulator_Top_bus_skew_postroute_physopted.pb"/>
  <File Type="POSTROUTE-PHYSOPT-BUS-SKEW-RPX" Name="FPGA_Simulator_Top_bus_skew_postroute_physopted.rpx"/>
  <File Type="NOC_TRAFFIC_SPEC_FILE" Name="FPGA_Simulator_Top.nts"/>
  <File Type="NOC_SOLUTION_FILE" Name="FPGA_Simulator_Top.ncr"/>
  <File Type="BG-BIT" Name="FPGA_Simulator_Top.bit"/>
  <File Type="BG-BIN" Name="FPGA_Simulator_Top.bin"/>
  <File Type="BITSTR-MSK" Name="FPGA_Simulator_Top.msk"/>
  <File Type="BITSTR-RBT" Name="FPGA_Simulator_Top.rbt"/>
  <File Type="BITSTR-NKY" Name="FPGA_Simulator_Top.nky"/>
  <File Type="BITSTR-BMM" Name="FPGA_Simulator_Top_bd.bmm"/>
  <File Type="BITSTR-MMI" Name="FPGA_Simulator_Top.mmi"/>
  <File Type="PDI-FILE" Name="FPGA_Simulator_Top.pdi"/>
  <File Type="BOOT-PDI-FILE" Name="FPGA_Simulator_Top_boot.pdi"/>
  <File Type="PL-PDI-FILE" Name="FPGA_Simulator_Top_pld.pdi"/>
  <File Type="RCFI_FILE" Name="FPGA_Simulator_Top.rcfi"/>
  <File Type="CFI_FILE" Name="FPGA_Simulator_Top.cfi"/>
  <File Type="RNPI_FILE" Name="FPGA_Simulator_Top.rnpi"/>
  <File Type="RCDO-FILE" Name="FPGA_Simulator_Top.rcdo"/>
  <File Type="MARKER-RNPI-FILE" Name="FPGA_Simulator_Top_markers.rnpi"/>
  <File Type="MARKER-RCDO-FILE" Name="FPGA_Simulator_Top_markers.rcdo"/>
  <File Type="BOOT_RNPI_FILE" Name="FPGA_Simulator_Top_boot.rnpi"/>
  <File Type="BOOT_MARKER_RNPI_FILE" Name="FPGA_Simulator_Top_boot_markers.rnpi"/>
  <File Type="PL_RNPI_FILE" Name="FPGA_Simulator_Top_pld.rnpi"/>
  <File Type="PL_MARKER_RNPI_FILE" Name="FPGA_Simulator_Top_pld_markers.rnpi"/>
  <File Type="PL_MASK_RNPI_FILE" Name="FPGA_Simulator_Top_pld_mask.rnpi"/>
  <File Type="PL_SHUTDOWN_RNPI_FILE" Name="FPGA_Simulator_Top_pld_shutdown.rnpi"/>
  <File Type="PL_UNMASK_RNPI_FILE" Name="FPGA_Simulator_Top_pld_unmask.rnpi"/>
  <File Type="PL-RCDO-FILE" Name="FPGA_Simulator_Top_pld.rcdo"/>
  <File Type="PL-CLEAR-RCDO-FILE" Name="FPGA_Simulator_Top_pld_clear.rcdo"/>
  <File Type="PL_MARKER_RCDO_FILE" Name="FPGA_Simulator_Top_pld_markers.rcdo"/>
  <File Type="PL_MASK_RCDO_FILE" Name="FPGA_Simulator_Top_pld_mask.rcdo"/>
  <File Type="PL_UNMASK_MARKER_RCDO_FILE" Name="FPGA_Simulator_Top_pld_unmask_markers.rcdo"/>
  <File Type="PL_UNMASK_RCDO_FILE" Name="FPGA_Simulator_Top_pld_unmask.rcdo"/>
  <File Type="NPI_FILE" Name="FPGA_Simulator_Top.npi"/>
  <File Type="RBD_FILE" Name="FPGA_Simulator_Top.rbd"/>
  <File Type="MMI-FILE" Name="FPGA_Simulator_Top.mmi"/>
  <File Type="BIF-FILE" Name="FPGA_Simulator_Top.bif"/>
  <File Type="BOOT-BIF-FILE" Name="FPGA_Simulator_Top_boot.bif"/>
  <File Type="PL-BIF-FILE" Name="FPGA_Simulator_Top_pld.bif"/>
  <File Type="LTX-FILE" Name="FPGA_Simulator_Top.ltx"/>
  <File Type="BOOT-LTX-FILE" Name="FPGA_Simulator_Top_boot.ltx"/>
  <File Type="PL-LTX-FILE" Name="FPGA_Simulator_Top_pld.ltx"/>
  <File Type="BITSTR-LTX" Name="debug_nets.ltx"/>
  <File Type="BITSTR-LTX" Name="FPGA_Simulator_Top.ltx"/>
  <File Type="BITSTR-SYSDEF" Name="FPGA_Simulator_Top.sysdef"/>
  <File Type="BG-BGN" Name="FPGA_Simulator_Top.bgn"/>
  <File Type="BG-DRC" Name="FPGA_Simulator_Top.drc"/>
  <File Type="RDI-RDI" Name="FPGA_Simulator_Top.vdi"/>
  <File Type="WBT-USG" Name="usage_statistics_webtalk.html"/>
  <File Type="ROUTE-RQS" Name="FPGA_Simulator_Top_routed.rqs"/>
  <File Type="POSTROUTE-PHYSOPT-RQS" Name="FPGA_Simulator_Top_postroute_physopted.rqs"/>
  <File Type="ROUTE-RQS-RPT" Name="route_report_qor_suggestions_0.rpt"/>
  <File Type="POSTROUTE-PHYSOPT-RQS-RPT" Name="postroute_physopt_report_qor_suggestions_0.rpt"/>
  <FileSet Name="sources" Type="DesignSrcs" RelSrcDir="$PSRCDIR/sources_1" RelGenDir="$PGENDIR/sources_1">
    <Filter Type="Srcs"/>
    <File Path="$PSRCDIR/sources_1/imports/new/EndDevice.v">
      <FileInfo>
        <Attr Name="ImportPath" Val="$PPRDIR/../L2Switch/L2Switch.srcs/sources_1/new/EndDevice.v"/>
        <Attr Name="ImportTime" Val="1764646949"/>
        <Attr Name="UsedIn" Val="synthesis"/>
        <Attr Name="UsedIn" Val="implementation"/>
        <Attr Name="UsedIn" Val="simulation"/>
      </FileInfo>
    </File>
    <File Path="$PSRCDIR/sources_1/imports/new/KeyPad.v">
      <FileInfo>
        <Attr Name="ImportPath" Val="$PPRDIR/../L2Switch/L2Switch.srcs/sources_1/new/KeyPad.v"/>
        <Attr Name="ImportTime" Val="1764735545"/>
        <Attr Name="UsedIn" Val="synthesis"/>
        <Attr Name="UsedIn" Val="implementation"/>
        <Attr Name="UsedIn" Val="simulation"/>
      </FileInfo>
    </File>
    <File Path="$PSRCDIR/sources_1/imports/new/TEXT_LCD.v">
      <FileInfo>
        <Attr Name="ImportPath" Val="$PPRDIR/../L2Switch/L2Switch.srcs/sources_1/new/TEXT_LCD.v"/>
        <Attr Name="ImportTime" Val="1764646925"/>
        <Attr Name="UsedIn" Val="synthesis"/>
        <Attr Name="UsedIn" Val="implementation"/>
        <Attr Name="UsedIn" Val="simulation"/>
      </FileInfo>
    </File>
    <File Path="$PSRCDIR/sources_1/imports/new/L2_Switch.v">
      <FileInfo SFType="SVerilog">
        <Attr Name="ImportPath" Val="$PPRDIR/../L2Switch/L2Switch.srcs/sources_1/new/L2_Switch.v"/>
        <Attr Name="ImportTime" Val="1764735798"/>
        <Attr Name="UsedIn" Val="synthesis"/>
        <Attr Name="UsedIn" Val="implementation"/>
        <Attr Name="UsedIn" Val="simulation"/>
      </FileInfo>
    </File>
    <File Path="$PSRCDIR/sources_1/imports/new/FPGA_Top.v">
      <FileInfo>
        <Attr Name="ImportPath" Val="$PPRDIR/../L2Switch/L2Switch.srcs/sources_1/new/FPGA_Top.v"/>
        <Attr Name="ImportTime" Val="1764646916"/>
        <Attr Name="UsedIn" Val="synthesis"/>
        <Attr Name="UsedIn" Val="implementation"/>
        <Attr Name="UsedIn" Val="simulation"/>
      </FileInfo>
    </File>
    <Config>
      <Option Name="DesignMode" Val="RTL"/>
      <Option Name="TopModule" Val="FPGA_Simulator_Top"/>
      <Option Name="TopAutoSet" Val="TRUE"/>
    </Config>
  </FileSet>
  <FileSet Name="constrs_in" Type="Constrs" RelSrcDir="$PSRCDIR/constrs_1" RelGenDir="$PGENDIR/constrs_1">
    <Filter Type="Constrs"/>
    <File Path="$PSRCDIR/constrs_1/imports/new/all.xdc">
      <FileInfo>
        <Attr Name="ImportPath" Val="$PPRDIR/../L2Switch/L2Switch.srcs/constrs_1/new/all.xdc"/>
        <Attr Name="ImportTime" Val="1764635635"/>
        <Attr Name="UsedIn" Val="synthesis"/>
        <Attr Name="UsedIn" Val="implementation"/>
      </FileInfo>
    </File>
    <Config>
      <Option Name="TargetConstrsFile" Val="$PSRCDIR/constrs_1/imports/new/all.xdc"/>
      <Option Name="ConstrsType" Val="XDC"/>
    </Config>
  </FileSet>
  <FileSet Name="utils" Type="Utils" RelSrcDir="$PSRCDIR/utils_1" RelGenDir="$PGENDIR/utils_1">
    <Filter Type="Utils"/>
    <File Path="$PSRCDIR/utils_1/imports/synth_1/FPGA_Simulator_Top.dcp">
      <FileInfo>
        <Attr Name="UsedIn" Val="synthesis"/>
        <Attr Name="UsedIn" Val="implementation"/>
        <Attr Name="UsedInSteps" Val="synth_1"/>
        <Attr Name="AutoDcp" Val="1"/>
      </FileInfo>
    </File>
    <Config>
      <Option Name="TopAutoSet" Val="TRUE"/>
    </Config>
  </FileSet>
  <Strategy Version="1" Minor="2">
    <StratHandle Name="Vivado Implementation Defaults" Flow="Vivado Implementation 2025"/>
    <Step Id="init_design"/>
    <Step Id="opt_design"/>
    <Step Id="power_opt_design"/>
    <Step Id="place_design"/>
    <Step Id="post_place_power_opt_design"/>
    <Step Id="phys_opt_design"/>
    <Step Id="route_design"/>
    <Step Id="post_route_phys_opt_design"/>
    <Step Id="write_bitstream"/>
  </Strategy>
</GenRun>
